0,1
заём,49618
карта,17654
новость,16277
embed,15825
смотреть,15641
личный,15522
купить,15438
магазин,14968
кабинет,14904
россия,14532
цена,13736
игра,13405
бесплатно,13331
новый,13322
москва,12942
почта,12928
кредит,12059
заявка,11252
серия,11137
сезон,9942
банк,9729
хороший,9460
микрозаём,9333
задача,8977
video,8424
календарь,8412
взять,7929
срочный,7703
оформить,7241
быстрый,7181
loan,7155
client,7119
история,7045
видео,6892
credit,6841
день,6748
сериал,6698
деньга,6622
cabinet,6612
компания,6540
фильм,6465
минута,6359
вход,6133
ставка,6127
работа,5956
качество,5948
займера,5786
history,5784
клиент,5714
веб,5592
официальный,5583
вакансия,5517
кредитный,5396
фото,5020
зарплата,4992
дом,4859
наличные,4653
екапуста,4464
спорт,4404
русский,4403
текущий,4339
регистрация,4330
доставка,4205
срочно,4148
moneyman,4089
товар,4086
payment,4056
сервис,4007
отзыв,3863
secure,3816
оплата,3743
ответ,3730
sezon,3716
весь,3672
отказ,3560
область,3545
заесть,3514
рубль,3500
получение,3496
application,3457
телефон,3376
home,3360
loans,3305
российский,3282
story,3271
главный,3270
ребёнок,3263
выгодный,3260
бесплатный,3256
рецепт,3216
customers,3191
банковский,3165
турбозаём,3144
ооо,3133
заказ,3128
войти,3125
программа,3080
step,3037
класс,3031
app,2975
